make_snake,make,model_snake,model
acura,Acura,cl,CL
acura,Acura,ilx,ILX
acura,Acura,ilx_hybrid,ILX Hybrid
acura,Acura,integra,Integra
acura,Acura,legend,Legend
acura,Acura,mdx,MDX
acura,Acura,nsx,NSX
acura,Acura,rdx,RDX
acura,Acura,rl,RL
acura,Acura,rlx,RLX
acura,Acura,rsx,RSX
acura,Acura,slx,SLX
acura,Acura,tl,TL
acura,Acura,tlx,TLX
acura,Acura,tsx,TSX
acura,Acura,tsx_sport_wagon,TSX Sport Wagon
acura,Acura,vigor,Vigor
acura,Acura,zdx,ZDX
alfa_romeo,Alfa Romeo,4_c,4C
alfa_romeo,Alfa Romeo,giulia,Giulia
alfa_romeo,Alfa Romeo,stelvio,Stelvio
alfa_romeo,Alfa Romeo,tonale,Tonale
aston_martin,Aston Martin,db_11,DB11
aston_martin,Aston Martin,db_7,DB7
aston_martin,Aston Martin,db_9,DB9
aston_martin,Aston Martin,db_9_gt,DB9 GT
aston_martin,Aston Martin,dbs,DBS
aston_martin,Aston Martin,dbs_superleggera,DBS Superleggera
aston_martin,Aston Martin,dbx,DBX
aston_martin,Aston Martin,dbx_707,DBX707
aston_martin,Aston Martin,rapide,Rapide
aston_martin,Aston Martin,rapide_amr,Rapide AMR
aston_martin,Aston Martin,rapide_s,Rapide S
aston_martin,Aston Martin,v_12_vanquish,V12 Vanquish
aston_martin,Aston Martin,v_12_vantage,V12 Vantage
aston_martin,Aston Martin,v_12_vantage_s,V12 Vantage S
aston_martin,Aston Martin,v_8_vantage,V8 Vantage
aston_martin,Aston Martin,vanquish,Vanquish
aston_martin,Aston Martin,vanquish_s,Vanquish S
aston_martin,Aston Martin,vantage,Vantage
aston_martin,Aston Martin,virage,Virage
audi,Audi,100,100
audi,Audi,200,200
audi,Audi,80,80
audi,Audi,90,90
audi,Audi,a_3,A3
audi,Audi,a_3_sportback_e_tron,A3 Sportback e-tron
audi,Audi,a_4,A4
audi,Audi,a_4_allroad,A4 allroad
audi,Audi,a_5,A5
audi,Audi,a_6,A6
audi,Audi,a_6_allroad,A6 allroad
audi,Audi,a_7,A7
audi,Audi,a_8,A8
audi,Audi,allroad,allroad
audi,Audi,allroad_quattro,allroad quattro
audi,Audi,cabriolet,Cabriolet
audi,Audi,e_tron,e-tron
audi,Audi,e_tron_gt,e-tron GT
audi,Audi,e_tron_s,e-tron S
audi,Audi,e_tron_s_sportback,e-tron S Sportback
audi,Audi,e_tron_sportback,e-tron Sportback
audi,Audi,q_3,Q3
audi,Audi,q_4_e_tron,Q4 e-tron
audi,Audi,q_4_sportback_e_tron,Q4 Sportback e-tron
audi,Audi,q_5,Q5
audi,Audi,q_5_sportback,Q5 Sportback
audi,Audi,q_7,Q7
audi,Audi,q_8,Q8
audi,Audi,q_8_e_tron,Q8 e-tron
audi,Audi,q_8_sportback_e_tron,Q8 Sportback e-tron
audi,Audi,r_8,R8
audi,Audi,rs_3,RS 3
audi,Audi,rs_4,RS 4
audi,Audi,rs_5,RS 5
audi,Audi,rs_6,RS 6
audi,Audi,rs_7,RS 7
audi,Audi,rs_e_tron_gt,RS e-tron GT
audi,Audi,rs_q_8,RS Q8
audi,Audi,s_3,S3
audi,Audi,s_4,S4
audi,Audi,s_5,S5
audi,Audi,s_6,S6
audi,Audi,s_7,S7
audi,Audi,s_8,S8
audi,Audi,sq_5,SQ5
audi,Audi,sq_5_sportback,SQ5 Sportback
audi,Audi,sq_7,SQ7
audi,Audi,sq_8,SQ8
audi,Audi,sq_8_e_tron,SQ8 e-tron
audi,Audi,sq_8_sportback_e_tron,SQ8 Sportback e-tron
audi,Audi,tt,TT
audi,Audi,tt_rs,TT RS
audi,Audi,tts,TTS
audi,Audi,v_8,V8
bentley,Bentley,arnage,Arnage
bentley,Bentley,azure,Azure
bentley,Bentley,azure_t,Azure T
bentley,Bentley,bentayga,Bentayga
bentley,Bentley,bentayga_ewb,Bentayga EWB
bentley,Bentley,brooklands,Brooklands
bentley,Bentley,continental,Continental
bentley,Bentley,continental_flying_spur,Continental Flying Spur
bentley,Bentley,continental_flying_spur_speed,Continental Flying Spur Speed
bentley,Bentley,continental_gt,Continental GT
bentley,Bentley,continental_gt_speed,Continental GT Speed
bentley,Bentley,continental_gt_speed_convertible,Continental GT Speed Convertible
bentley,Bentley,continental_gt_3_r,Continental GT3-R
bentley,Bentley,continental_gtc,Continental GTC
bentley,Bentley,continental_gtc_speed,Continental GTC Speed
bentley,Bentley,continental_supersports,Continental Supersports
bentley,Bentley,continental_supersports_convertible,Continental Supersports Convertible
bentley,Bentley,flying_spur,Flying Spur
bentley,Bentley,mulsanne,Mulsanne
bentley,Bentley,supersports_convertible_isr,Supersports Convertible ISR
bmw,BMW,1_series,1 Series
bmw,BMW,1_series_m,1 Series M
bmw,BMW,2_series,2 Series
bmw,BMW,2_series_gran_coupe,2 Series Gran Coupe
bmw,BMW,3_series,3 Series
bmw,BMW,3_series_e_drive,3 Series eDrive
bmw,BMW,3_series_gran_turismo,3 Series Gran Turismo
bmw,BMW,4_series,4 Series
bmw,BMW,4_series_gran_coupe,4 Series Gran Coupe
bmw,BMW,5_series,5 Series
bmw,BMW,5_series_gran_turismo,5 Series Gran Turismo
bmw,BMW,6_series,6 Series
bmw,BMW,6_series_gran_coupe,6 Series Gran Coupe
bmw,BMW,6_series_gran_turismo,6 Series Gran Turismo
bmw,BMW,7_series,7 Series
bmw,BMW,8_series,8 Series
bmw,BMW,8_series_gran_coupe,8 Series Gran Coupe
bmw,BMW,active_hybrid_5,ActiveHybrid 5
bmw,BMW,active_hybrid_7,ActiveHybrid 7
bmw,BMW,active_hybrid_x_6,ActiveHybrid X6
bmw,BMW,alpina,Alpina
bmw,BMW,alpina_b_6_gran_coupe,ALPINA B6 Gran Coupe
bmw,BMW,alpina_b_7,ALPINA B7
bmw,BMW,alpina_b_8_gran_coupe,ALPINA B8 Gran Coupe
bmw,BMW,alpina_xb_7,ALPINA XB7
bmw,BMW,i_3,i3
bmw,BMW,i_4,i4
bmw,BMW,i_5,i5
bmw,BMW,i_7,i7
bmw,BMW,i_8,i8
bmw,BMW,i_x,iX
bmw,BMW,m,M
bmw,BMW,m_2,M2
bmw,BMW,m_2_cs,M2 CS
bmw,BMW,m_3,M3
bmw,BMW,m_3_cs,M3 CS
bmw,BMW,m_4,M4
bmw,BMW,m_4_cs,M4 CS
bmw,BMW,m_4_csl,M4 CSL
bmw,BMW,m_4_gts,M4 GTS
bmw,BMW,m_5,M5
bmw,BMW,m_5_cs,M5 CS
bmw,BMW,m_6,M6
bmw,BMW,m_6_gran_coupe,M6 Gran Coupe
bmw,BMW,m_8,M8
bmw,BMW,m_8_gran_coupe,M8 Gran Coupe
bmw,BMW,x_1,X1
bmw,BMW,x_2,X2
bmw,BMW,x_3,X3
bmw,BMW,x_3_m,X3 M
bmw,BMW,x_4,X4
bmw,BMW,x_4_m,X4 M
bmw,BMW,x_5,X5
bmw,BMW,x_5_e_drive,X5 eDrive
bmw,BMW,x_5_m,X5 M
bmw,BMW,x_6,X6
bmw,BMW,x_6_m,X6 M
bmw,BMW,x_7,X7
bmw,BMW,xm,XM
bmw,BMW,z_3,Z3
bmw,BMW,z_4,Z4
bmw,BMW,z_4_m,Z4 M
bmw,BMW,z_8,Z8
bugatti,Bugatti,veyron_16_4,Veyron 16.4
buick,Buick,cascada,Cascada
buick,Buick,century,Century
buick,Buick,electra,Electra
buick,Buick,enclave,Enclave
buick,Buick,encore,Encore
buick,Buick,encore_gx,Encore GX
buick,Buick,envision,Envision
buick,Buick,envista,Envista
buick,Buick,estate_wagon,Estate Wagon
buick,Buick,la_crosse,LaCrosse
buick,Buick,le_sabre,LeSabre
buick,Buick,lucerne,Lucerne
buick,Buick,park_avenue,Park Avenue
buick,Buick,rainier,Rainier
buick,Buick,reatta,Reatta
buick,Buick,regal,Regal
buick,Buick,regal_sportback,Regal Sportback
buick,Buick,regal_tour_x,Regal TourX
buick,Buick,rendezvous,Rendezvous
buick,Buick,riviera,Riviera
buick,Buick,roadmaster,Roadmaster
buick,Buick,skylark,Skylark
buick,Buick,terraza,Terraza
buick,Buick,verano,Verano
cadillac,Cadillac,allante,Allante
cadillac,Cadillac,ats,ATS
cadillac,Cadillac,ats_coupe,ATS Coupe
cadillac,Cadillac,ats_v,ATS-V
cadillac,Cadillac,brougham,Brougham
cadillac,Cadillac,catera,Catera
cadillac,Cadillac,ct_4,CT4
cadillac,Cadillac,ct_4_v_blackwing,CT4-V Blackwing
cadillac,Cadillac,ct_5,CT5
cadillac,Cadillac,ct_5_v_blackwing,CT5-V Blackwing
cadillac,Cadillac,ct_6,CT6
cadillac,Cadillac,ct_6_v,CT6-V
cadillac,Cadillac,cts,CTS
cadillac,Cadillac,cts_coupe,CTS Coupe
cadillac,Cadillac,cts_wagon,CTS Wagon
cadillac,Cadillac,cts_v,CTS-V
cadillac,Cadillac,cts_v_coupe,CTS-V Coupe
cadillac,Cadillac,cts_v_wagon,CTS-V Wagon
cadillac,Cadillac,de_ville,DeVille
cadillac,Cadillac,dts,DTS
cadillac,Cadillac,eldorado,Eldorado
cadillac,Cadillac,elr,ELR
cadillac,Cadillac,escalade,Escalade
cadillac,Cadillac,escalade_esv,Escalade ESV
cadillac,Cadillac,escalade_ext,Escalade EXT
cadillac,Cadillac,escalade_hybrid,Escalade Hybrid
cadillac,Cadillac,fleetwood,Fleetwood
cadillac,Cadillac,lyriq,LYRIQ
cadillac,Cadillac,seville,Seville
cadillac,Cadillac,srx,SRX
cadillac,Cadillac,sts,STS
cadillac,Cadillac,sts_v,STS-V
cadillac,Cadillac,xlr,XLR
cadillac,Cadillac,xlr_v,XLR-V
cadillac,Cadillac,xt_4,XT4
cadillac,Cadillac,xt_5,XT5
cadillac,Cadillac,xt_6,XT6
cadillac,Cadillac,xts,XTS
chevrolet,Chevrolet,astro,Astro
chevrolet,Chevrolet,astro_cargo,Astro Cargo
chevrolet,Chevrolet,avalanche,Avalanche
chevrolet,Chevrolet,aveo,Aveo
chevrolet,Chevrolet,beretta,Beretta
chevrolet,Chevrolet,black_diamond_avalanche,Black Diamond Avalanche
chevrolet,Chevrolet,blazer,Blazer
chevrolet,Chevrolet,blazer_ev,Blazer EV
chevrolet,Chevrolet,bolt_euv,Bolt EUV
chevrolet,Chevrolet,bolt_ev,Bolt EV
chevrolet,Chevrolet,c_k_1500_series,C/K 1500 Series
chevrolet,Chevrolet,c_k_2500_series,C/K 2500 Series
chevrolet,Chevrolet,c_k_3500_series,C/K 3500 Series
chevrolet,Chevrolet,camaro,Camaro
chevrolet,Chevrolet,caprice,Caprice
chevrolet,Chevrolet,captiva_sport,Captiva Sport
chevrolet,Chevrolet,cavalier,Cavalier
chevrolet,Chevrolet,celebrity,Celebrity
chevrolet,Chevrolet,chevy_van,Chevy Van
chevrolet,Chevrolet,chevy_van_classic,Chevy Van Classic
chevrolet,Chevrolet,city_express,City Express
chevrolet,Chevrolet,classic,Classic
chevrolet,Chevrolet,cobalt,Cobalt
chevrolet,Chevrolet,colorado,Colorado
chevrolet,Chevrolet,corsica,Corsica
chevrolet,Chevrolet,corvette,Corvette
chevrolet,Chevrolet,corvette_stingray,Corvette Stingray
chevrolet,Chevrolet,cruze,Cruze
chevrolet,Chevrolet,cruze_limited,Cruze Limited
chevrolet,Chevrolet,equinox,Equinox
chevrolet,Chevrolet,express,Express
chevrolet,Chevrolet,express_cargo,Express Cargo
chevrolet,Chevrolet,hhr,HHR
chevrolet,Chevrolet,impala,Impala
chevrolet,Chevrolet,impala_limited,Impala Limited
chevrolet,Chevrolet,lumina,Lumina
chevrolet,Chevrolet,lumina_minivan,Lumina Minivan
chevrolet,Chevrolet,malibu,Malibu
chevrolet,Chevrolet,malibu_classic,Malibu Classic
chevrolet,Chevrolet,malibu_hybrid,Malibu Hybrid
chevrolet,Chevrolet,malibu_limited,Malibu Limited
chevrolet,Chevrolet,malibu_maxx,Malibu Maxx
chevrolet,Chevrolet,metro,Metro
chevrolet,Chevrolet,monte_carlo,Monte Carlo
chevrolet,Chevrolet,prizm,Prizm
chevrolet,Chevrolet,r_v_3500_series,R/V 3500 Series
chevrolet,Chevrolet,s_10,S-10
chevrolet,Chevrolet,s_10_blazer,S-10 Blazer
chevrolet,Chevrolet,silverado_1500,Silverado 1500
chevrolet,Chevrolet,silverado_1500_classic,Silverado 1500 Classic
chevrolet,Chevrolet,silverado_1500_hybrid,Silverado 1500 Hybrid
chevrolet,Chevrolet,silverado_1500_ld,Silverado 1500 LD
chevrolet,Chevrolet,silverado_1500_limited,Silverado 1500 Limited
chevrolet,Chevrolet,silverado_1500_hd,Silverado 1500HD
chevrolet,Chevrolet,silverado_1500_hd_classic,Silverado 1500HD Classic
chevrolet,Chevrolet,silverado_2500,Silverado 2500
chevrolet,Chevrolet,silverado_2500_hd,Silverado 2500HD
chevrolet,Chevrolet,silverado_2500_hd_classic,Silverado 2500HD Classic
chevrolet,Chevrolet,silverado_3500,Silverado 3500
chevrolet,Chevrolet,silverado_3500_classic,Silverado 3500 Classic
chevrolet,Chevrolet,silverado_3500_hd,Silverado 3500HD
chevrolet,Chevrolet,sonic,Sonic
chevrolet,Chevrolet,spark,Spark
chevrolet,Chevrolet,spark_ev,Spark EV
chevrolet,Chevrolet,ss,SS
chevrolet,Chevrolet,ssr,SSR
chevrolet,Chevrolet,suburban,Suburban
chevrolet,Chevrolet,tahoe,Tahoe
chevrolet,Chevrolet,tahoe_hybrid,Tahoe Hybrid
chevrolet,Chevrolet,tracker,Tracker
chevrolet,Chevrolet,trailblazer,Trailblazer
chevrolet,Chevrolet,trail_blazer,TrailBlazer
chevrolet,Chevrolet,trail_blazer_ext,TrailBlazer EXT
chevrolet,Chevrolet,traverse,Traverse
chevrolet,Chevrolet,trax,Trax
chevrolet,Chevrolet,uplander,Uplander
chevrolet,Chevrolet,venture,Venture
chevrolet,Chevrolet,volt,Volt
chrysler,Chrysler,200,200
chrysler,Chrysler,300,300
chrysler,Chrysler,300_m,300M
chrysler,Chrysler,aspen,Aspen
chrysler,Chrysler,cirrus,Cirrus
chrysler,Chrysler,concorde,Concorde
chrysler,Chrysler,crossfire,Crossfire
chrysler,Chrysler,imperial,Imperial
chrysler,Chrysler,lhs,LHS
chrysler,Chrysler,new_yorker,New Yorker
chrysler,Chrysler,pacifica,Pacifica
chrysler,Chrysler,pacifica_hybrid,Pacifica Hybrid
chrysler,Chrysler,prowler,Prowler
chrysler,Chrysler,pt_cruiser,PT Cruiser
chrysler,Chrysler,sebring,Sebring
chrysler,Chrysler,tc,TC
chrysler,Chrysler,town_and_country,Town and Country
chrysler,Chrysler,voyager,Voyager
daewoo,Daewoo,lanos,Lanos
daewoo,Daewoo,leganza,Leganza
daewoo,Daewoo,nubira,Nubira
dodge,Dodge,avenger,Avenger
dodge,Dodge,caliber,Caliber
dodge,Dodge,caravan,Caravan
dodge,Dodge,challenger,Challenger
dodge,Dodge,charger,Charger
dodge,Dodge,colt,Colt
dodge,Dodge,dakota,Dakota
dodge,Dodge,dart,Dart
dodge,Dodge,daytona,Daytona
dodge,Dodge,durango,Durango
dodge,Dodge,dynasty,Dynasty
dodge,Dodge,grand_caravan,Grand Caravan
dodge,Dodge,hornet,Hornet
dodge,Dodge,intrepid,Intrepid
dodge,Dodge,journey,Journey
dodge,Dodge,magnum,Magnum
dodge,Dodge,monaco,Monaco
dodge,Dodge,neon,Neon
dodge,Dodge,nitro,Nitro
dodge,Dodge,omni,Omni
dodge,Dodge,ram_150,RAM 150
dodge,Dodge,ram_250,RAM 250
dodge,Dodge,ram_350,RAM 350
dodge,Dodge,ram_50_pickup,Ram 50 Pickup
dodge,Dodge,ram_cargo,Ram Cargo
dodge,Dodge,ram_pickup_1500,Ram Pickup 1500
dodge,Dodge,ram_pickup_2500,Ram Pickup 2500
dodge,Dodge,ram_pickup_3500,Ram Pickup 3500
dodge,Dodge,ram_van,Ram Van
dodge,Dodge,ram_wagon,Ram Wagon
dodge,Dodge,ramcharger,Ramcharger
dodge,Dodge,shadow,Shadow
dodge,Dodge,spirit,Spirit
dodge,Dodge,sprinter,Sprinter
dodge,Dodge,sprinter_cargo,Sprinter Cargo
dodge,Dodge,srt_viper,SRT Viper
dodge,Dodge,stealth,Stealth
dodge,Dodge,stratus,Stratus
dodge,Dodge,viper,Viper
ferrari,Ferrari,360,360
ferrari,Ferrari,430_scuderia,430 Scuderia
ferrari,Ferrari,456_m,456M
ferrari,Ferrari,458_italia,458 Italia
ferrari,Ferrari,488_gtb,488 GTB
ferrari,Ferrari,488_spider,488 Spider
ferrari,Ferrari,550,550
ferrari,Ferrari,575_m,575M
ferrari,Ferrari,599,599
ferrari,Ferrari,612_scaglietti,612 Scaglietti
ferrari,Ferrari,812_superfast,812 Superfast
ferrari,Ferrari,california,California
ferrari,Ferrari,california_t,California T
ferrari,Ferrari,enzo,Enzo
ferrari,Ferrari,f_12_berlinetta,F12 Berlinetta
ferrari,Ferrari,f_430,F430
ferrari,Ferrari,ff,FF
ferrari,Ferrari,gtc_4_lusso,GTC4Lusso
ferrari,Ferrari,portofino,Portofino
ferrari,Ferrari,superamerica,Superamerica
fiat,FIAT,124_spider,124 Spider
fiat,FIAT,500,500
fiat,FIAT,500_e,500e
fiat,FIAT,500_l,500L
fiat,FIAT,500_x,500X
fisker,Fisker,karma,Karma
ford,Ford,aerostar,Aerostar
ford,Ford,aspire,Aspire
ford,Ford,bronco,Bronco
ford,Ford,bronco_ii,Bronco II
ford,Ford,bronco_sport,Bronco Sport
ford,Ford,c_max_energi,C-Max Energi
ford,Ford,c_max_hybrid,C-Max Hybrid
ford,Ford,contour,Contour
ford,Ford,contour_svt,Contour SVT
ford,Ford,crown_victoria,Crown Victoria
ford,Ford,e_150,E-150
ford,Ford,e_250,E-250
ford,Ford,e_350,E-350
ford,Ford,e_series_van,E-Series Van
ford,Ford,e_series_wagon,E-Series Wagon
ford,Ford,e_transit_cargo_van,E-Transit Cargo Van
ford,Ford,econoline_cargo,Econoline Cargo
ford,Ford,econoline_wagon,Econoline Wagon
ford,Ford,eco_sport,EcoSport
ford,Ford,edge,Edge
ford,Ford,escape,Escape
ford,Ford,escape_hybrid,Escape Hybrid
ford,Ford,escape_plug_in_hybrid,Escape Plug-In Hybrid
ford,Ford,escort,Escort
ford,Ford,excursion,Excursion
ford,Ford,expedition,Expedition
ford,Ford,expedition_el,Expedition EL
ford,Ford,explorer,Explorer
ford,Ford,explorer_sport,Explorer Sport
ford,Ford,explorer_sport_trac,Explorer Sport Trac
ford,Ford,f_150,F-150
ford,Ford,f_150_heritage,F-150 Heritage
ford,Ford,f_150_lightning,F-150 Lightning
ford,Ford,f_150_svt_lightning,F-150 SVT Lightning
ford,Ford,f_250,F-250
ford,Ford,f_250_super_duty,F-250 Super Duty
ford,Ford,f_350,F-350
ford,Ford,f_350_super_duty,F-350 Super Duty
ford,Ford,f_450_super_duty,F-450 Super Duty
ford,Ford,festiva,Festiva
ford,Ford,fiesta,Fiesta
ford,Ford,five_hundred,Five Hundred
ford,Ford,flex,Flex
ford,Ford,focus,Focus
ford,Ford,focus_rs,Focus RS
ford,Ford,focus_st,Focus ST
ford,Ford,freestar,Freestar
ford,Ford,freestyle,Freestyle
ford,Ford,fusion,Fusion
ford,Ford,fusion_energi,Fusion Energi
ford,Ford,fusion_hybrid,Fusion Hybrid
ford,Ford,fusion_plug_in_hybrid,Fusion Plug-In Hybrid
ford,Ford,gt,GT
ford,Ford,ltd_crown_victoria,LTD Crown Victoria
ford,Ford,maverick,Maverick
ford,Ford,mustang,Mustang
ford,Ford,mustang_mach_e,Mustang Mach-E
ford,Ford,mustang_svt_cobra,Mustang SVT Cobra
ford,Ford,probe,Probe
ford,Ford,ranger,Ranger
ford,Ford,shelby_gt_350,Shelby GT350
ford,Ford,shelby_gt_500,Shelby GT500
ford,Ford,taurus,Taurus
ford,Ford,taurus_x,Taurus X
ford,Ford,tempo,Tempo
ford,Ford,thunderbird,Thunderbird
ford,Ford,transit_cargo_van,Transit Cargo Van
ford,Ford,transit_connect,Transit Connect
ford,Ford,transit_connect_cargo_van,Transit Connect Cargo Van
ford,Ford,transit_connect_passenger_wagon,Transit Connect Passenger Wagon
ford,Ford,transit_crew_van,Transit Crew Van
ford,Ford,transit_passenger_van,Transit Passenger Van
ford,Ford,transit_van,Transit Van
ford,Ford,transit_wagon,Transit Wagon
ford,Ford,windstar,Windstar
ford,Ford,windstar_cargo,Windstar Cargo
genesis,Genesis,electrified_g_80,Electrified G80
genesis,Genesis,electrified_gv_70,Electrified GV70
genesis,Genesis,g_70,G70
genesis,Genesis,g_80,G80
genesis,Genesis,g_90,G90
genesis,Genesis,gv_60,GV60
genesis,Genesis,gv_70,GV70
genesis,Genesis,gv_80,GV80
gmc,GMC,acadia,Acadia
gmc,GMC,acadia_limited,Acadia Limited
gmc,GMC,canyon,Canyon
gmc,GMC,envoy,Envoy
gmc,GMC,envoy_xl,Envoy XL
gmc,GMC,envoy_xuv,Envoy XUV
gmc,GMC,hummer_ev,HUMMER EV
gmc,GMC,hummer_ev_suv,HUMMER EV SUV
gmc,GMC,jimmy,Jimmy
gmc,GMC,r_v_3500_series,R/V 3500 Series
gmc,GMC,rally_wagon,Rally Wagon
gmc,GMC,s_15,S-15
gmc,GMC,s_15_jimmy,S-15 Jimmy
gmc,GMC,safari,Safari
gmc,GMC,safari_cargo,Safari Cargo
gmc,GMC,savana,Savana
gmc,GMC,savana_cargo,Savana Cargo
gmc,GMC,sierra_1500,Sierra 1500
gmc,GMC,sierra_1500_classic,Sierra 1500 Classic
gmc,GMC,sierra_1500_hybrid,Sierra 1500 Hybrid
gmc,GMC,sierra_1500_limited,Sierra 1500 Limited
gmc,GMC,sierra_1500_hd,Sierra 1500HD
gmc,GMC,sierra_1500_hd_classic,Sierra 1500HD Classic
gmc,GMC,sierra_2500,Sierra 2500
gmc,GMC,sierra_2500_hd,Sierra 2500HD
gmc,GMC,sierra_2500_hd_classic,Sierra 2500HD Classic
gmc,GMC,sierra_3500,Sierra 3500
gmc,GMC,sierra_3500_classic,Sierra 3500 Classic
gmc,GMC,sierra_3500_hd,Sierra 3500HD
gmc,GMC,sierra_c_3,Sierra C3
gmc,GMC,sonoma,Sonoma
gmc,GMC,suburban,Suburban
gmc,GMC,terrain,Terrain
gmc,GMC,vandura,Vandura
gmc,GMC,yukon,Yukon
gmc,GMC,yukon_hybrid,Yukon Hybrid
gmc,GMC,yukon_xl,Yukon XL
honda,Honda,accord,Accord
honda,Honda,accord_crosstour,Accord Crosstour
honda,Honda,accord_hybrid,Accord Hybrid
honda,Honda,accord_plug_in_hybrid,Accord Plug-In Hybrid
honda,Honda,civic,Civic
honda,Honda,civic_crx,Civic CRX
honda,Honda,civic_del_sol,Civic del Sol
honda,Honda,clarity,Clarity
honda,Honda,cr_v,CR-V
honda,Honda,cr_v_hybrid,CR-V Hybrid
honda,Honda,cr_z,CR-Z
honda,Honda,crosstour,Crosstour
honda,Honda,element,Element
honda,Honda,fit,Fit
honda,Honda,fit_ev,Fit EV
honda,Honda,hr_v,HR-V
honda,Honda,insight,Insight
honda,Honda,odyssey,Odyssey
honda,Honda,passport,Passport
honda,Honda,pilot,Pilot
honda,Honda,prelude,Prelude
honda,Honda,ridgeline,Ridgeline
honda,Honda,s_2000,S2000
hummer,HUMMER,h_1,H1
hummer,HUMMER,h_1_alpha,H1 Alpha
hummer,HUMMER,h_2,H2
hummer,HUMMER,h_2_sut,H2 SUT
hummer,HUMMER,h_3,H3
hummer,HUMMER,h_3_t,H3T
hyundai,Hyundai,accent,Accent
hyundai,Hyundai,azera,Azera
hyundai,Hyundai,elantra,Elantra
hyundai,Hyundai,elantra_coupe,Elantra Coupe
hyundai,Hyundai,elantra_gt,Elantra GT
hyundai,Hyundai,elantra_touring,Elantra Touring
hyundai,Hyundai,entourage,Entourage
hyundai,Hyundai,equus,Equus
hyundai,Hyundai,excel,Excel
hyundai,Hyundai,genesis,Genesis
hyundai,Hyundai,genesis_coupe,Genesis Coupe
hyundai,Hyundai,ioniq_5,IONIQ 5
hyundai,Hyundai,ioniq_6,IONIQ 6
hyundai,Hyundai,ioniq_electric,Ioniq Electric
hyundai,Hyundai,ioniq_hybrid,Ioniq Hybrid
hyundai,Hyundai,ioniq_plug_in_hybrid,Ioniq Plug-In Hybrid
hyundai,Hyundai,kona,Kona
hyundai,Hyundai,kona_electric,Kona Electric
hyundai,Hyundai,nexo,NEXO
hyundai,Hyundai,palisade,Palisade
hyundai,Hyundai,santa_cruz,Santa Cruz
hyundai,Hyundai,santa_fe,Santa Fe
hyundai,Hyundai,santa_fe_hybrid,Santa Fe Hybrid
hyundai,Hyundai,santa_fe_plug_in_hybrid,Santa Fe Plug-In Hybrid
hyundai,Hyundai,santa_fe_sport,Santa Fe Sport
hyundai,Hyundai,santa_fe_xl,Santa Fe XL
hyundai,Hyundai,scoupe,Scoupe
hyundai,Hyundai,sonata,Sonata
hyundai,Hyundai,sonata_hybrid,Sonata Hybrid
hyundai,Hyundai,sonata_plug_in_hybrid,Sonata Plug-in Hybrid
hyundai,Hyundai,tiburon,Tiburon
hyundai,Hyundai,tucson,Tucson
hyundai,Hyundai,tucson_plug_in_hybrid,Tucson Plug-In Hybrid
hyundai,Hyundai,veloster,Veloster
hyundai,Hyundai,venue,Venue
hyundai,Hyundai,veracruz,Veracruz
hyundai,Hyundai,xg_300,XG300
hyundai,Hyundai,xg_350,XG350
infiniti,INFINITI,ex,EX
infiniti,INFINITI,ex_35,EX35
infiniti,INFINITI,fx,FX
infiniti,INFINITI,fx_35,FX35
infiniti,INFINITI,fx_45,FX45
infiniti,INFINITI,fx_50,FX50
infiniti,INFINITI,g_convertible,G Convertible
infiniti,INFINITI,g_coupe,G Coupe
infiniti,INFINITI,g_sedan,G Sedan
infiniti,INFINITI,g_20,G20
infiniti,INFINITI,g_35,G35
infiniti,INFINITI,g_37,G37
infiniti,INFINITI,g_37_convertible,G37 Convertible
infiniti,INFINITI,g_37_coupe,G37 Coupe
infiniti,INFINITI,g_37_sedan,G37 Sedan
infiniti,INFINITI,i_30,I30
infiniti,INFINITI,i_35,I35
infiniti,INFINITI,j_30,J30
infiniti,INFINITI,jx,JX
infiniti,INFINITI,m,M
infiniti,INFINITI,m_30,M30
infiniti,INFINITI,m_35,M35
infiniti,INFINITI,m_37,M37
infiniti,INFINITI,m_45,M45
infiniti,INFINITI,m_56,M56
infiniti,INFINITI,q_40,Q40
infiniti,INFINITI,q_45,Q45
infiniti,INFINITI,q_50,Q50
infiniti,INFINITI,q_60,Q60
infiniti,INFINITI,q_60_convertible,Q60 Convertible
infiniti,INFINITI,q_60_coupe,Q60 Coupe
infiniti,INFINITI,q_70,Q70
infiniti,INFINITI,qx,QX
infiniti,INFINITI,qx_30,QX30
infiniti,INFINITI,qx_4,QX4
infiniti,INFINITI,qx_50,QX50
infiniti,INFINITI,qx_55,QX55
infiniti,INFINITI,qx_56,QX56
infiniti,INFINITI,qx_60,QX60
infiniti,INFINITI,qx_70,QX70
infiniti,INFINITI,qx_80,QX80
isuzu,Isuzu,amigo,Amigo
isuzu,Isuzu,ascender,Ascender
isuzu,Isuzu,axiom,Axiom
isuzu,Isuzu,hombre,Hombre
isuzu,Isuzu,i_series,i-Series
isuzu,Isuzu,impulse,Impulse
isuzu,Isuzu,oasis,Oasis
isuzu,Isuzu,pickup,Pickup
isuzu,Isuzu,rodeo,Rodeo
isuzu,Isuzu,rodeo_sport,Rodeo Sport
isuzu,Isuzu,stylus,Stylus
isuzu,Isuzu,trooper,Trooper
isuzu,Isuzu,vehi_cross,VehiCROSS
jaguar,Jaguar,e_pace,E-PACE
jaguar,Jaguar,f_pace,F-PACE
jaguar,Jaguar,f_type,F-TYPE
jaguar,Jaguar,i_pace,I-PACE
jaguar,Jaguar,s_type,S-Type
jaguar,Jaguar,x_type,X-Type
jaguar,Jaguar,xe,XE
jaguar,Jaguar,xf,XF
jaguar,Jaguar,xj,XJ
jaguar,Jaguar,xj_series,XJ-Series
jaguar,Jaguar,xjr,XJR
jaguar,Jaguar,xk,XK
jaguar,Jaguar,xk_series,XK-Series
jaguar,Jaguar,xkr,XKR
jeep,Jeep,cherokee,Cherokee
jeep,Jeep,commander,Commander
jeep,Jeep,compass,Compass
jeep,Jeep,gladiator,Gladiator
jeep,Jeep,grand_cherokee,Grand Cherokee
jeep,Jeep,grand_cherokee_4_xe,Grand Cherokee 4xe
jeep,Jeep,grand_cherokee_l,Grand Cherokee L
jeep,Jeep,grand_cherokee_srt,Grand Cherokee SRT
jeep,Jeep,grand_cherokee_wk,Grand Cherokee WK
jeep,Jeep,grand_wagoneer,Grand Wagoneer
jeep,Jeep,grand_wagoneer_l,Grand Wagoneer L
jeep,Jeep,liberty,Liberty
jeep,Jeep,patriot,Patriot
jeep,Jeep,renegade,Renegade
jeep,Jeep,wagoneer,Wagoneer
jeep,Jeep,wagoneer_l,Wagoneer L
jeep,Jeep,wrangler,Wrangler
jeep,Jeep,wrangler_4_xe,Wrangler 4xe
jeep,Jeep,wrangler_jk,Wrangler JK
karma,Karma,gs_6,GS-6
karma,Karma,revero_gt,Revero GT
kia,Kia,amanti,Amanti
kia,Kia,borrego,Borrego
kia,Kia,cadenza,Cadenza
kia,Kia,carnival,Carnival
kia,Kia,ev_6,EV6
kia,Kia,forte,Forte
kia,Kia,k_5,K5
kia,Kia,k_900,K900
kia,Kia,niro,Niro
kia,Kia,niro_ev,Niro EV
kia,Kia,niro_plug_in_hybrid,Niro Plug-In Hybrid
kia,Kia,optima,Optima
kia,Kia,optima_hybrid,Optima Hybrid
kia,Kia,optima_plug_in_hybrid,Optima Plug-In Hybrid
kia,Kia,rio,Rio
kia,Kia,rondo,Rondo
kia,Kia,sedona,Sedona
kia,Kia,seltos,Seltos
kia,Kia,sephia,Sephia
kia,Kia,sorento,Sorento
kia,Kia,sorento_hybrid,Sorento Hybrid
kia,Kia,sorento_plug_in_hybrid,Sorento Plug-In Hybrid
kia,Kia,soul,Soul
kia,Kia,soul_ev,Soul EV
kia,Kia,spectra,Spectra
kia,Kia,sportage,Sportage
kia,Kia,sportage_hybrid,Sportage Hybrid
kia,Kia,sportage_plug_in_hybrid,Sportage Plug-In Hybrid
kia,Kia,stinger,Stinger
kia,Kia,telluride,Telluride
lamborghini,Lamborghini,aventador,Aventador
lamborghini,Lamborghini,diablo,Diablo
lamborghini,Lamborghini,gallardo,Gallardo
lamborghini,Lamborghini,huracan,Huracan
lamborghini,Lamborghini,huracan_sto,Huracan STO
lamborghini,Lamborghini,murcielago,Murcielago
lamborghini,Lamborghini,reventon,Reventon
lamborghini,Lamborghini,urus,Urus
land_rover,Land Rover,defender,Defender
land_rover,Land Rover,discovery,Discovery
land_rover,Land Rover,discovery_series_ii,Discovery Series II
land_rover,Land Rover,discovery_sport,Discovery Sport
land_rover,Land Rover,freelander,Freelander
land_rover,Land Rover,lr_2,LR2
land_rover,Land Rover,lr_3,LR3
land_rover,Land Rover,lr_4,LR4
land_rover,Land Rover,range_rover,Range Rover
land_rover,Land Rover,range_rover_evoque,Range Rover Evoque
land_rover,Land Rover,range_rover_sport,Range Rover Sport
land_rover,Land Rover,range_rover_velar,Range Rover Velar
lexus,Lexus,ct_200_h,CT 200h
lexus,Lexus,es,ES
lexus,Lexus,es_250,ES 250
lexus,Lexus,es_300,ES 300
lexus,Lexus,es_300_h,ES 300h
lexus,Lexus,es_330,ES 330
lexus,Lexus,es_350,ES 350
lexus,Lexus,gs_200_t,GS 200t
lexus,Lexus,gs_300,GS 300
lexus,Lexus,gs_350,GS 350
lexus,Lexus,gs_430,GS 430
lexus,Lexus,gs_450_h,GS 450h
lexus,Lexus,gs_460,GS 460
lexus,Lexus,gs_f,GS F
lexus,Lexus,gx_460,GX 460
lexus,Lexus,gx_470,GX 470
lexus,Lexus,hs_250_h,HS 250h
lexus,Lexus,is,IS
lexus,Lexus,is_200_t,IS 200t
lexus,Lexus,is_250,IS 250
lexus,Lexus,is_250_c,IS 250 C
lexus,Lexus,is_300,IS 300
lexus,Lexus,is_350,IS 350
lexus,Lexus,is_350_c,IS 350 C
lexus,Lexus,is_500,IS 500
lexus,Lexus,is_f,IS F
lexus,Lexus,lc,LC
lexus,Lexus,lc_500,LC 500
lexus,Lexus,lc_500_convertible,LC 500 Convertible
lexus,Lexus,lc_500_h,LC 500h
lexus,Lexus,lfa,LFA
lexus,Lexus,ls_400,LS 400
lexus,Lexus,ls_430,LS 430
lexus,Lexus,ls_460,LS 460
lexus,Lexus,ls_500,LS 500
lexus,Lexus,ls_500_h,LS 500h
lexus,Lexus,ls_600_h_l,LS 600h L
lexus,Lexus,lx,LX
lexus,Lexus,lx_470,LX 470
lexus,Lexus,lx_570,LX 570
lexus,Lexus,lx_600,LX 600
lexus,Lexus,nx,NX
lexus,Lexus,nx_200_t,NX 200t
lexus,Lexus,nx_250,NX 250
lexus,Lexus,nx_300,NX 300
lexus,Lexus,nx_300_h,NX 300h
lexus,Lexus,nx_350,NX 350
lexus,Lexus,nx_350_h,NX 350h
lexus,Lexus,nx_450_h,NX 450h+
lexus,Lexus,rc,RC
lexus,Lexus,rc_200_t,RC 200t
lexus,Lexus,rc_300,RC 300
lexus,Lexus,rc_350,RC 350
lexus,Lexus,rc_f,RC F
lexus,Lexus,rx,RX
lexus,Lexus,rx_300,RX 300
lexus,Lexus,rx_330,RX 330
lexus,Lexus,rx_350,RX 350
lexus,Lexus,rx_350_h,RX 350h
lexus,Lexus,rx_350_l,RX 350L
lexus,Lexus,rx_400_h,RX 400h
lexus,Lexus,rx_450_h,RX 450h
lexus,Lexus,rx_450_h_l,RX 450hL
lexus,Lexus,rx_500_h,RX 500h
lexus,Lexus,rz_450_e,RZ 450e
lexus,Lexus,sc_430,SC 430
lexus,Lexus,tx,TX
lexus,Lexus,ux,UX
lexus,Lexus,ux_200,UX 200
lexus,Lexus,ux_250_h,UX 250h
lincoln,Lincoln,aviator,Aviator
lincoln,Lincoln,blackwood,Blackwood
lincoln,Lincoln,continental,Continental
lincoln,Lincoln,corsair,Corsair
lincoln,Lincoln,ls,LS
lincoln,Lincoln,mark_lt,Mark LT
lincoln,Lincoln,mark_vii,Mark VII
lincoln,Lincoln,mark_viii,Mark VIII
lincoln,Lincoln,mkc,MKC
lincoln,Lincoln,mks,MKS
lincoln,Lincoln,mkt,MKT
lincoln,Lincoln,mkx,MKX
lincoln,Lincoln,mkz,MKZ
lincoln,Lincoln,mkz_hybrid,MKZ Hybrid
lincoln,Lincoln,nautilus,Nautilus
lincoln,Lincoln,navigator,Navigator
lincoln,Lincoln,navigator_l,Navigator L
lincoln,Lincoln,town_car,Town Car
lincoln,Lincoln,zephyr,Zephyr
lotus,Lotus,elise,Elise
lotus,Lotus,esprit,Esprit
lotus,Lotus,evora,Evora
lotus,Lotus,evora_400,Evora 400
lotus,Lotus,evora_gt,Evora GT
lotus,Lotus,exige,Exige
lucid,Lucid,air,Air
maserati,Maserati,coupe,Coupe
maserati,Maserati,ghibli,Ghibli
maserati,Maserati,gran_sport,GranSport
maserati,Maserati,gran_turismo,GranTurismo
maserati,Maserati,gran_turismo_convertible,GranTurismo Convertible
maserati,Maserati,levante,Levante
maserati,Maserati,mc_20,MC20
maserati,Maserati,quattroporte,Quattroporte
maserati,Maserati,spyder,Spyder
maybach,Maybach,57,57
maybach,Maybach,62,62
maybach,Maybach,landaulet,Landaulet
mazda,Mazda,2,2
mazda,Mazda,3,3
mazda,Mazda,323,323
mazda,Mazda,5,5
mazda,Mazda,6,6
mazda,Mazda,626,626
mazda,Mazda,929,929
mazda,Mazda,b_series,B-Series
mazda,Mazda,b_series_pickup,B-Series Pickup
mazda,Mazda,b_series_truck,B-Series Truck
mazda,Mazda,cx_3,CX-3
mazda,Mazda,cx_30,CX-30
mazda,Mazda,cx_5,CX-5
mazda,Mazda,cx_50,CX-50
mazda,Mazda,cx_7,CX-7
mazda,Mazda,cx_9,CX-9
mazda,Mazda,cx_90,CX-90
mazda,Mazda,mazdaspeed_3,Mazdaspeed 3
mazda,Mazda,mazdaspeed_6,Mazdaspeed 6
mazda,Mazda,mazdaspeed_mx_5_miata,Mazdaspeed MX-5 Miata
mazda,Mazda,mazdaspeed_protege,Mazdaspeed Protege
mazda,Mazda,millenia,Millenia
mazda,Mazda,mpv,MPV
mazda,Mazda,mx_3,MX-3
mazda,Mazda,mx_30,MX-30
mazda,Mazda,mx_5_miata,MX-5 Miata
mazda,Mazda,mx_5_miata_rf,MX-5 Miata RF
mazda,Mazda,mx_6,MX-6
mazda,Mazda,navajo,Navajo
mazda,Mazda,protege,Protege
mazda,Mazda,protege_5,Protege5
mazda,Mazda,rx_7,RX-7
mazda,Mazda,rx_8,RX-8
mazda,Mazda,tribute,Tribute
mazda,Mazda,tribute_hybrid,Tribute Hybrid
mazda,Mazda,truck,Truck
mc_laren,McLaren,570_gt,570GT
mc_laren,McLaren,570_s,570S
mc_laren,McLaren,570_s_spider,570S Spider
mc_laren,McLaren,600_lt,600LT
mc_laren,McLaren,600_lt_spider,600LT Spider
mc_laren,McLaren,650_s_coupe,650S Coupe
mc_laren,McLaren,650_s_spider,650S Spider
mc_laren,McLaren,675_lt_coupe,675LT Coupe
mc_laren,McLaren,675_lt_spider,675LT Spider
mc_laren,McLaren,720_s,720S
mc_laren,McLaren,720_s_spider,720S Spider
mc_laren,McLaren,765_lt,765LT
mc_laren,McLaren,765_lt_spider,765LT Spider
mc_laren,McLaren,artura,Artura
mc_laren,McLaren,elva,Elva
mc_laren,McLaren,gt,GT
mc_laren,McLaren,mp_4_12_c,MP4-12C
mc_laren,McLaren,mp_4_12_c_spider,MP4-12C Spider
mc_laren,McLaren,senna,Senna
mercedes_benz,Mercedes-Benz,a_class,A-Class
mercedes_benz,Mercedes-Benz,amg_gt,AMG GT
mercedes_benz,Mercedes-Benz,b_class_electric_drive,B-Class Electric Drive
mercedes_benz,Mercedes-Benz,c_class,C-Class
mercedes_benz,Mercedes-Benz,c_36_amg,C36 AMG
mercedes_benz,Mercedes-Benz,c_43_amg,C43 AMG
mercedes_benz,Mercedes-Benz,cl_class,CL-Class
mercedes_benz,Mercedes-Benz,cla_class,CLA-Class
mercedes_benz,Mercedes-Benz,clk_class,CLK-Class
mercedes_benz,Mercedes-Benz,cls_class,CLS-Class
mercedes_benz,Mercedes-Benz,e_class,E-Class
mercedes_benz,Mercedes-Benz,e_55_amg,E55 AMG
mercedes_benz,Mercedes-Benz,eqb,EQB
mercedes_benz,Mercedes-Benz,eqe,EQE
mercedes_benz,Mercedes-Benz,eqe_suv,EQE SUV
mercedes_benz,Mercedes-Benz,eqs,EQS
mercedes_benz,Mercedes-Benz,eqs_suv,EQS SUV
mercedes_benz,Mercedes-Benz,e_sprinter,eSprinter
mercedes_benz,Mercedes-Benz,g_class,G-Class
mercedes_benz,Mercedes-Benz,gl_class,GL-Class
mercedes_benz,Mercedes-Benz,gla_class,GLA-Class
mercedes_benz,Mercedes-Benz,glb_class,GLB-Class
mercedes_benz,Mercedes-Benz,glc_class,GLC-Class
mercedes_benz,Mercedes-Benz,glc_class_coupe,GLC-Class Coupe
mercedes_benz,Mercedes-Benz,gle_class,GLE-Class
mercedes_benz,Mercedes-Benz,gle_class_coupe,GLE-Class Coupe
mercedes_benz,Mercedes-Benz,glk_class,GLK-Class
mercedes_benz,Mercedes-Benz,gls_class,GLS-Class
mercedes_benz,Mercedes-Benz,m_class,M-Class
mercedes_benz,Mercedes-Benz,maybach,Maybach
mercedes_benz,Mercedes-Benz,maybach_eqs_suv,Maybach EQS SUV
mercedes_benz,Mercedes-Benz,maybach_gls,Maybach GLS
mercedes_benz,Mercedes-Benz,metris,Metris
mercedes_benz,Mercedes-Benz,ml_55_amg,ML55 AMG
mercedes_benz,Mercedes-Benz,r_class,R-Class
mercedes_benz,Mercedes-Benz,s_class,S-Class
mercedes_benz,Mercedes-Benz,sl_class,SL-Class
mercedes_benz,Mercedes-Benz,slc_class,SLC-Class
mercedes_benz,Mercedes-Benz,slk_class,SLK-Class
mercedes_benz,Mercedes-Benz,slr_mc_laren,SLR McLaren
mercedes_benz,Mercedes-Benz,sls_amg,SLS AMG
mercedes_benz,Mercedes-Benz,sls_amg_gt,SLS AMG GT
mercedes_benz,Mercedes-Benz,sls_amg_gt_final_edition,SLS AMG GT Final Edition
mercedes_benz,Mercedes-Benz,sprinter,Sprinter
mercedes_benz,Mercedes-Benz,sprinter_worker,Sprinter Worker
mercury,Mercury,capri,Capri
mercury,Mercury,cougar,Cougar
mercury,Mercury,grand_marquis,Grand Marquis
mercury,Mercury,marauder,Marauder
mercury,Mercury,mariner,Mariner
mercury,Mercury,mariner_hybrid,Mariner Hybrid
mercury,Mercury,milan,Milan
mercury,Mercury,milan_hybrid,Milan Hybrid
mercury,Mercury,montego,Montego
mercury,Mercury,monterey,Monterey
mercury,Mercury,mountaineer,Mountaineer
mercury,Mercury,mystique,Mystique
mercury,Mercury,sable,Sable
mercury,Mercury,topaz,Topaz
mercury,Mercury,tracer,Tracer
mercury,Mercury,villager,Villager
mini,MINI,clubman,Clubman
mini,MINI,convertible,Convertible
mini,MINI,cooper,Cooper
mini,MINI,cooper_clubman,Cooper Clubman
mini,MINI,cooper_countryman,Cooper Countryman
mini,MINI,cooper_coupe,Cooper Coupe
mini,MINI,cooper_paceman,Cooper Paceman
mini,MINI,cooper_roadster,Cooper Roadster
mini,MINI,countryman,Countryman
mini,MINI,hardtop_2_door,Hardtop 2 Door
mini,MINI,hardtop_4_door,Hardtop 4 Door
mitsubishi,Mitsubishi,3000_gt,3000GT
mitsubishi,Mitsubishi,diamante,Diamante
mitsubishi,Mitsubishi,eclipse,Eclipse
mitsubishi,Mitsubishi,eclipse_cross,Eclipse Cross
mitsubishi,Mitsubishi,eclipse_spyder,Eclipse Spyder
mitsubishi,Mitsubishi,endeavor,Endeavor
mitsubishi,Mitsubishi,expo,Expo
mitsubishi,Mitsubishi,galant,Galant
mitsubishi,Mitsubishi,i_mi_ev,i-MiEV
mitsubishi,Mitsubishi,lancer,Lancer
mitsubishi,Mitsubishi,lancer_evolution,Lancer Evolution
mitsubishi,Mitsubishi,lancer_sportback,Lancer Sportback
mitsubishi,Mitsubishi,mighty_max_pickup,Mighty Max Pickup
mitsubishi,Mitsubishi,mirage,Mirage
mitsubishi,Mitsubishi,mirage_g_4,Mirage G4
mitsubishi,Mitsubishi,montero,Montero
mitsubishi,Mitsubishi,montero_sport,Montero Sport
mitsubishi,Mitsubishi,outlander,Outlander
mitsubishi,Mitsubishi,outlander_phev,Outlander PHEV
mitsubishi,Mitsubishi,outlander_sport,Outlander Sport
mitsubishi,Mitsubishi,precis,Precis
mitsubishi,Mitsubishi,raider,Raider
mitsubishi,Mitsubishi,sigma,Sigma
mitsubishi,Mitsubishi,vanwagon,Vanwagon
nissan,Nissan,350_z,350Z
nissan,Nissan,370_z,370Z
nissan,Nissan,altima,Altima
nissan,Nissan,altima_hybrid,Altima Hybrid
nissan,Nissan,ariya,ARIYA
nissan,Nissan,armada,Armada
nissan,Nissan,cube,Cube
nissan,Nissan,frontier,Frontier
nissan,Nissan,gt_r,GT-R
nissan,Nissan,juke,Juke
nissan,Nissan,kicks,Kicks
nissan,Nissan,leaf,LEAF
nissan,Nissan,maxima,Maxima
nissan,Nissan,murano,Murano
nissan,Nissan,murano_cross_cabriolet,Murano CrossCabriolet
nissan,Nissan,nv,NV
nissan,Nissan,nv_cargo,NV Cargo
nissan,Nissan,nv_passenger,NV Passenger
nissan,Nissan,nv_200,NV200
nissan,Nissan,pathfinder,Pathfinder
nissan,Nissan,quest,Quest
nissan,Nissan,rogue,Rogue
nissan,Nissan,rogue_select,Rogue Select
nissan,Nissan,rogue_sport,Rogue Sport
nissan,Nissan,sentra,Sentra
nissan,Nissan,titan,Titan
nissan,Nissan,titan_xd,Titan XD
nissan,Nissan,versa,Versa
nissan,Nissan,versa_note,Versa Note
nissan,Nissan,xterra,Xterra
nissan,Nissan,z,Z
oldsmobile,Oldsmobile,achieva,Achieva
oldsmobile,Oldsmobile,alero,Alero
oldsmobile,Oldsmobile,aurora,Aurora
oldsmobile,Oldsmobile,bravada,Bravada
oldsmobile,Oldsmobile,ciera,Ciera
oldsmobile,Oldsmobile,custom_cruiser,Custom Cruiser
oldsmobile,Oldsmobile,cutlass,Cutlass
oldsmobile,Oldsmobile,cutlass_calais,Cutlass Calais
oldsmobile,Oldsmobile,cutlass_ciera,Cutlass Ciera
oldsmobile,Oldsmobile,cutlass_supreme,Cutlass Supreme
oldsmobile,Oldsmobile,intrigue,Intrigue
oldsmobile,Oldsmobile,lss,LSS
oldsmobile,Oldsmobile,regency,Regency
oldsmobile,Oldsmobile,silhouette,Silhouette
oldsmobile,Oldsmobile,toronado,Toronado
panoz,Panoz,esperante,Esperante
plymouth,Plymouth,acclaim,Acclaim
plymouth,Plymouth,breeze,Breeze
plymouth,Plymouth,colt,Colt
plymouth,Plymouth,grand_voyager,Grand Voyager
plymouth,Plymouth,horizon,Horizon
plymouth,Plymouth,laser,Laser
plymouth,Plymouth,neon,Neon
plymouth,Plymouth,prowler,Prowler
plymouth,Plymouth,sundance,Sundance
plymouth,Plymouth,voyager,Voyager
polestar,Polestar,1,1
polestar,Polestar,2,2
pontiac,Pontiac,6000,6000
pontiac,Pontiac,aztek,Aztek
pontiac,Pontiac,bonneville,Bonneville
pontiac,Pontiac,firebird,Firebird
pontiac,Pontiac,g_3,G3
pontiac,Pontiac,g_5,G5
pontiac,Pontiac,g_6,G6
pontiac,Pontiac,g_8,G8
pontiac,Pontiac,grand_am,Grand Am
pontiac,Pontiac,grand_prix,Grand Prix
pontiac,Pontiac,gto,GTO
pontiac,Pontiac,montana,Montana
pontiac,Pontiac,montana_sv_6,Montana SV6
pontiac,Pontiac,solstice,Solstice
pontiac,Pontiac,sunbird,Sunbird
pontiac,Pontiac,sunfire,Sunfire
pontiac,Pontiac,torrent,Torrent
pontiac,Pontiac,trans_sport,Trans Sport
pontiac,Pontiac,vibe,Vibe
porsche,Porsche,718_boxster,718 Boxster
porsche,Porsche,718_cayman,718 Cayman
porsche,Porsche,911,911
porsche,Porsche,918_spyder,918 Spyder
porsche,Porsche,928,928
porsche,Porsche,944,944
porsche,Porsche,968,968
porsche,Porsche,boxster,Boxster
porsche,Porsche,carrera_gt,Carrera GT
porsche,Porsche,cayenne,Cayenne
porsche,Porsche,cayenne_coupe,Cayenne Coupe
porsche,Porsche,cayman,Cayman
porsche,Porsche,cayman_s,Cayman S
porsche,Porsche,macan,Macan
porsche,Porsche,panamera,Panamera
porsche,Porsche,taycan,Taycan
ram,Ram,1500,1500
ram,Ram,1500_classic,1500 Classic
ram,Ram,2500,2500
ram,Ram,3500,3500
ram,Ram,c_v_cargo_van,C/V Cargo Van
ram,Ram,c_v_tradesman,C/V Tradesman
ram,Ram,dakota,Dakota
ram,Ram,promaster_cargo_van,Promaster Cargo Van
ram,Ram,promaster_city,Promaster City
ram,Ram,promaster_window_van,Promaster Window Van
rivian,Rivian,r_1_s,R1S
rivian,Rivian,r_1_t,R1T
rolls_royce,Rolls-Royce,corniche,Corniche
rolls_royce,Rolls-Royce,cullinan,Cullinan
rolls_royce,Rolls-Royce,dawn,Dawn
rolls_royce,Rolls-Royce,ghost,Ghost
rolls_royce,Rolls-Royce,ghost_series_ii,Ghost Series II
rolls_royce,Rolls-Royce,park_ward,Park Ward
rolls_royce,Rolls-Royce,phantom,Phantom
rolls_royce,Rolls-Royce,phantom_coupe,Phantom Coupe
rolls_royce,Rolls-Royce,phantom_drophead_coupe,Phantom Drophead Coupe
rolls_royce,Rolls-Royce,silver_seraph,Silver Seraph
rolls_royce,Rolls-Royce,wraith,Wraith
saab,Saab,9_2_x,9-2X
saab,Saab,9_3,9-3
saab,Saab,9_3_griffin,9-3 Griffin
saab,Saab,9_4_x,9-4X
saab,Saab,9_5,9-5
saab,Saab,9_7_x,9-7X
saab,Saab,900,900
saab,Saab,9000,9000
saturn,Saturn,astra,Astra
saturn,Saturn,aura,Aura
saturn,Saturn,aura_hybrid,Aura Hybrid
saturn,Saturn,ion,ION
saturn,Saturn,l_series,L-Series
saturn,Saturn,l_300,L300
saturn,Saturn,outlook,Outlook
saturn,Saturn,relay,Relay
saturn,Saturn,s_series,S-Series
saturn,Saturn,sky,Sky
saturn,Saturn,vue,VUE
saturn,Saturn,vue_hybrid,VUE Hybrid
scion,Scion,fr_s,FR-S
scion,Scion,i_a,iA
scion,Scion,i_m,iM
scion,Scion,i_q,iQ
scion,Scion,t_c,tC
scion,Scion,x_a,xA
scion,Scion,x_b,xB
scion,Scion,x_d,xD
smart,smart,eq_fortwo,EQ fortwo
smart,smart,fortwo,fortwo
spyker,Spyker,c_8,C8
subaru,Subaru,ascent,Ascent
subaru,Subaru,b_9_tribeca,B9 Tribeca
subaru,Subaru,baja,Baja
subaru,Subaru,brz,BRZ
subaru,Subaru,crosstrek,Crosstrek
subaru,Subaru,forester,Forester
subaru,Subaru,impreza,Impreza
subaru,Subaru,impreza_wrx,Impreza WRX
subaru,Subaru,justy,Justy
subaru,Subaru,legacy,Legacy
subaru,Subaru,loyale,Loyale
subaru,Subaru,outback,Outback
subaru,Subaru,solterra,Solterra
subaru,Subaru,sti_s_209,STI S209
subaru,Subaru,svx,SVX
subaru,Subaru,tribeca,Tribeca
subaru,Subaru,wrx,WRX
subaru,Subaru,xt,XT
subaru,Subaru,xv_crosstrek,XV Crosstrek
suzuki,Suzuki,aerio,Aerio
suzuki,Suzuki,equator,Equator
suzuki,Suzuki,esteem,Esteem
suzuki,Suzuki,forenza,Forenza
suzuki,Suzuki,grand_vitara,Grand Vitara
suzuki,Suzuki,kizashi,Kizashi
suzuki,Suzuki,reno,Reno
suzuki,Suzuki,samurai,Samurai
suzuki,Suzuki,sidekick,Sidekick
suzuki,Suzuki,swift,Swift
suzuki,Suzuki,sx_4,SX4
suzuki,Suzuki,verona,Verona
suzuki,Suzuki,vitara,Vitara
suzuki,Suzuki,x_90,X-90
suzuki,Suzuki,xl_7,XL-7
suzuki,Suzuki,xl_7,XL7
tesla,Tesla,model_3,Model 3
tesla,Tesla,model_s,Model S
tesla,Tesla,model_x,Model X
tesla,Tesla,model_y,Model Y
tesla,Tesla,roadster,Roadster
toyota,Toyota,4_runner,4Runner
toyota,Toyota,86,86
toyota,Toyota,avalon,Avalon
toyota,Toyota,avalon_hybrid,Avalon Hybrid
toyota,Toyota,b_z_4_x,bZ4X
toyota,Toyota,c_hr,C-HR
toyota,Toyota,camry,Camry
toyota,Toyota,camry_hybrid,Camry Hybrid
toyota,Toyota,camry_solara,Camry Solara
toyota,Toyota,celica,Celica
toyota,Toyota,corolla,Corolla
toyota,Toyota,corolla_cross,Corolla Cross
toyota,Toyota,corolla_cross_hybrid,Corolla Cross Hybrid
toyota,Toyota,corolla_hatchback,Corolla Hatchback
toyota,Toyota,corolla_hybrid,Corolla Hybrid
toyota,Toyota,corolla_i_m,Corolla iM
toyota,Toyota,cressida,Cressida
toyota,Toyota,crown,Crown
toyota,Toyota,echo,ECHO
toyota,Toyota,fj_cruiser,FJ Cruiser
toyota,Toyota,gr_corolla,GR Corolla
toyota,Toyota,gr_supra,GR Supra
toyota,Toyota,gr_86,GR86
toyota,Toyota,grand_highlander,Grand Highlander
toyota,Toyota,grand_highlander_hybrid,Grand Highlander Hybrid
toyota,Toyota,highlander,Highlander
toyota,Toyota,highlander_hybrid,Highlander Hybrid
toyota,Toyota,land_cruiser,Land Cruiser
toyota,Toyota,matrix,Matrix
toyota,Toyota,mirai,Mirai
toyota,Toyota,mr_2,MR2
toyota,Toyota,mr_2_spyder,MR2 Spyder
toyota,Toyota,paseo,Paseo
toyota,Toyota,pickup,Pickup
toyota,Toyota,previa,Previa
toyota,Toyota,prius,Prius
toyota,Toyota,prius_c,Prius c
toyota,Toyota,prius_plug_in,Prius Plug-in
toyota,Toyota,prius_prime,Prius Prime
toyota,Toyota,prius_v,Prius v
toyota,Toyota,rav_4,RAV4
toyota,Toyota,rav_4_ev,RAV4 EV
toyota,Toyota,rav_4_hybrid,RAV4 Hybrid
toyota,Toyota,rav_4_prime,RAV4 Prime
toyota,Toyota,sequoia,Sequoia
toyota,Toyota,sienna,Sienna
toyota,Toyota,supra,Supra
toyota,Toyota,t_100,T100
toyota,Toyota,tacoma,Tacoma
toyota,Toyota,tercel,Tercel
toyota,Toyota,tundra,Tundra
toyota,Toyota,venza,Venza
toyota,Toyota,yaris,Yaris
toyota,Toyota,yaris_hatchback,Yaris Hatchback
toyota,Toyota,yaris_i_a,Yaris iA
vin_fast,VinFast,vf_8,VF 8
volkswagen,Volkswagen,arteon,Arteon
volkswagen,Volkswagen,atlas,Atlas
volkswagen,Volkswagen,atlas_cross_sport,Atlas Cross Sport
volkswagen,Volkswagen,beetle,Beetle
volkswagen,Volkswagen,beetle_convertible,Beetle Convertible
volkswagen,Volkswagen,cabrio,Cabrio
volkswagen,Volkswagen,cabriolet,Cabriolet
volkswagen,Volkswagen,cc,CC
volkswagen,Volkswagen,corrado,Corrado
volkswagen,Volkswagen,e_golf,e-Golf
volkswagen,Volkswagen,eos,Eos
volkswagen,Volkswagen,euro_van,EuroVan
volkswagen,Volkswagen,fox,Fox
volkswagen,Volkswagen,gli,GLI
volkswagen,Volkswagen,golf,Golf
volkswagen,Volkswagen,golf_alltrack,Golf Alltrack
volkswagen,Volkswagen,golf_gti,Golf GTI
volkswagen,Volkswagen,golf_r,Golf R
volkswagen,Volkswagen,golf_sport_wagen,Golf SportWagen
volkswagen,Volkswagen,gti,GTI
volkswagen,Volkswagen,id_4,ID.4
volkswagen,Volkswagen,jetta,Jetta
volkswagen,Volkswagen,jetta_gli,Jetta GLI
volkswagen,Volkswagen,jetta_hybrid,Jetta Hybrid
volkswagen,Volkswagen,jetta_sport_wagen,Jetta SportWagen
volkswagen,Volkswagen,new_beetle,New Beetle
volkswagen,Volkswagen,passat,Passat
volkswagen,Volkswagen,phaeton,Phaeton
volkswagen,Volkswagen,r_32,R32
volkswagen,Volkswagen,rabbit,Rabbit
volkswagen,Volkswagen,routan,Routan
volkswagen,Volkswagen,taos,Taos
volkswagen,Volkswagen,tiguan,Tiguan
volkswagen,Volkswagen,tiguan_limited,Tiguan Limited
volkswagen,Volkswagen,touareg,Touareg
volkswagen,Volkswagen,touareg_2,Touareg 2
volkswagen,Volkswagen,vanagon,Vanagon
volvo,Volvo,240,240
volvo,Volvo,740,740
volvo,Volvo,760,760
volvo,Volvo,780,780
volvo,Volvo,850,850
volvo,Volvo,940,940
volvo,Volvo,960,960
volvo,Volvo,c_30,C30
volvo,Volvo,c_40_recharge,C40 Recharge
volvo,Volvo,c_70,C70
volvo,Volvo,coupe,Coupe
volvo,Volvo,s_40,S40
volvo,Volvo,s_60,S60
volvo,Volvo,s_60_cross_country,S60 Cross Country
volvo,Volvo,s_70,S70
volvo,Volvo,s_80,S80
volvo,Volvo,s_90,S90
volvo,Volvo,v_40,V40
volvo,Volvo,v_50,V50
volvo,Volvo,v_60,V60
volvo,Volvo,v_60_cross_country,V60 Cross Country
volvo,Volvo,v_70,V70
volvo,Volvo,v_90,V90
volvo,Volvo,v_90_cross_country,V90 Cross Country
volvo,Volvo,xc,XC
volvo,Volvo,xc_40,XC40
volvo,Volvo,xc_40_recharge,XC40 Recharge
volvo,Volvo,xc_60,XC60
volvo,Volvo,xc_70,XC70
volvo,Volvo,xc_90,XC90
